{
    "parent": "minecraft:item/generated",
    "textures": {
        "layer0": "minecraft:item/sugar"
    },

    "overrides": [
        {"predicate": {"custom_model_data":1}, "model": "item/sugar/1"},
        {"predicate": {"custom_model_data":2}, "model": "item/sugar/2"},
        {"predicate": {"custom_model_data":3}, "model": "item/sugar/3"},
        {"predicate": {"custom_model_data":3}, "model": "item/sugar/4"},
        {"predicate": {"custom_model_data":3}, "model": "item/sugar/5"},
        {"predicate": {"custom_model_data":4}, "model": "item/sugar/6"}
    ]
}